"0","tar_make()"
"1",""
"1",""
"1","-"
"1",""
"1",""
"1",""
"1",""
"1","\"
"1",""
"1",""
"1",""
"1",""
"1","|"
"1",""
"1",""
"1",""
"1",""
"1","/"
"1",""
"1",""
"1",""
"1",""
"1","-"
"1",""
"1",""
"1","[31mhere() starts at /home/rstudio/workspace/dsic_simple_project
[39m"
"1",""
"1",""
"1","\"
"1",""
"1",""
"1",""
"1",""
"1","|"
"1",""
"1",""
"1",""
"1",""
"1","/"
"1",""
"1",""
"1",""
"1",""
"1","-"
"1",""
"1",""
"1",""
"1",""
"1","\"
"1",""
"1",""
"1",""
"1",""
"1","|"
"1",""
"1",""
"1",""
"1",""
"1","/"
"1",""
"1",""
"1","[31m[32mâœ”[31m [0m[22m[23m[24m[27m[28m[29m[49mskip target penguins_df[31m
[39m"
"1",""
"1",""
"1","-"
"1",""
"1",""
"1","[31m[32mâœ”[31m [0m[22m[23m[24m[27m[28m[29m[49mskip target fpenguins_df[31m
[39m"
"1",""
"1",""
"1","\"
"1",""
"1",""
"1","[31m[32mâœ”[31m [0m[22m[23m[24m[27m[28m[29m[49mskip target correlation_mx[31m
[39m"
"1",""
"1",""
"1","|"
"1",""
"1",""
"1","[31m[32mâœ”[31m [0m[22m[23m[24m[27m[28m[29m[49mskip target species_bar_plot[31m
[32mâœ”[31m [0m[22m[23m[24m[27m[28m[29m[49mskip target model_bm_fl[31m
[39m"
"1",""
"1",""
"1","/"
"1",""
"1",""
"1","[31m[32mâœ”[31m [0m[22m[23m[24m[27m[28m[29m[49mskip target species_size_cp[31m
[39m"
"1",""
"1",""
"1","-"
"1",""
"1",""
"1","[31m[34mâ€¢[31m [0m[22m[23m[24m[27m[28m[29m[49mstart target model_bm_fl_df[31m
[39m"
"1",""
"1",""
"1","\"
"1",""
"1",""
"1","[31m[32mâ€¢[31m [0m[22m[23m[24m[27m[28m[29m[49mbuilt target model_bm_fl_df[90m [0.002 seconds][0m[22m[23m[24m[27m[28m[29m[49m[31m
[39m"
"1",""
"1",""
"1","|"
"1",""
"1",""
"1","[31m[34mâ€¢[31m [0m[22m[23m[24m[27m[28m[29m[49mend pipeline[90m [0.247 seconds][0m[22m[23m[24m[27m[28m[29m[49m[31m
[39m"
"1",""
"1",""
"1","/"
"1",""
"1",""
"1",""
"1",""
"1","-"
"1",""
"1",""
"1"," "
