"0","tar_read(correlation_mx)"
"1","                 "
"1"," bill_length_mm"
"1"," bill_depth_mm"
"1"," flipper_length_mm"
"1"," body_mass_g"
"1","        year"
"1","
bill_length_mm   "
"1","      1.0000000"
"1","    -0.2286256"
"1","         0.6530956"
"1","  0.58945111"
"1","  0.03265690"
"1","
bill_depth_mm    "
"1","     -0.2286256"
"1","     1.0000000"
"1","        -0.5777917"
"1"," -0.47201566"
"1"," -0.04818160"
"1","
flipper_length_mm"
"1","      0.6530956"
"1","    -0.5777917"
"1","         1.0000000"
"1","  0.87297890"
"1","  0.15106792"
"1","
body_mass_g      "
"1","      0.5894511"
"1","    -0.4720157"
"1","         0.8729789"
"1","  1.00000000"
"1","  0.02186213"
"1","
year             "
"1","      0.0326569"
"1","    -0.0481816"
"1","         0.1510679"
"1","  0.02186213"
"1","  1.00000000"
"1","
"
